{"sections":{"slideshow_3rFmPH":{"type":"slideshow","blocks":{"image_r88HhE":{"type":"image","settings":{"image":"shopify:\/\/shop_images\/0ae38c0b-08e5-4bcf-ae0e-becd211efa93.png","mobile_image":"shopify:\/\/shop_images\/0ae38c0b-08e5-4bcf-ae0e-becd211efa93.png","content_max_width":400,"mobile_text_position":"place-self-end-center text-center","desktop_text_position":"sm:place-self-center sm:text-center","subheading":"","title":"Des facettes amovibles pour un sourire parfait","heading_tag":"h5","button_text":"","button_link":"","text_color":"#ffffff","button_background":"#ffffff","button_text_color":"#ffffff","overlay_color":"#ffffff","overlay_opacity":0,"background":"","background_gradient":""}}},"block_order":["image_r88HhE"],"settings":{"full_width":true,"allow_transparent_header":true,"image_size":"auto","controls_type":"dots","transition_type":"fade_with_text","autoplay":false,"cycle_speed":6,"background":"#f2f2f2","background_gradient":""}},"rich_text_RTVkWM":{"type":"rich-text","blocks":{"subheading_UH4XpN":{"type":"subheading","settings":{"text":""}},"heading_jCnLtw":{"type":"heading","settings":{"text":"Ils en parlent","heading_tag":"h3","text_color":"","gradient":""}}},"block_order":["subheading_UH4XpN","heading_jCnLtw"],"settings":{"full_width":true,"content_width":"small","text_position":"center","background":"#ffffff","background_gradient":"","text_color":""}},"logo_list_Hw8GB4":{"type":"logo-list","blocks":{"logo_df79cN":{"type":"logo","settings":{"logo":"shopify:\/\/shop_images\/M6.png","logo_width":300,"link":""}},"logo_teGtTT":{"type":"logo","settings":{"logo":"shopify:\/\/shop_images\/telecharger_5.png","logo_width":120,"link":""}},"logo_8hUXCt":{"type":"logo","settings":{"logo":"shopify:\/\/shop_images\/telecharger_4.png","logo_width":120,"link":""}},"logo_TyV6T3":{"type":"logo","settings":{"logo":"shopify:\/\/shop_images\/telecharger_6.png","logo_width":120,"link":""}}},"block_order":["logo_df79cN","logo_teGtTT","logo_8hUXCt","logo_TyV6T3"],"settings":{"full_width":true,"stack_mobile":true,"title":"","content":"","text_alignment":"center","items_per_row":5,"background":"#ffffff","background_gradient":"","text_color":"","heading_color":"","heading_gradient":"","logo_item_background":"#ffffff","logo_item_border":""}},"rich_text_L6Eghb":{"type":"rich-text","blocks":{"subheading_cRzDxx":{"type":"subheading","settings":{"text":""}},"heading_eL6wFb":{"type":"heading","settings":{"text":"Pourquoi choisir OralGlow ?","heading_tag":"h3","text_color":"","gradient":""}}},"block_order":["subheading_cRzDxx","heading_eL6wFb"],"settings":{"full_width":true,"content_width":"small","text_position":"center","background":"#ffffff","background_gradient":"","text_color":""}},"image_with_text_overlay_ydVQxx":{"type":"image-with-text-overlay","blocks":{"heading_YWXhrn":{"type":"heading","settings":{"text":"","heading_tag":"h1"}}},"block_order":["heading_YWXhrn"],"settings":{"full_width":true,"allow_transparent_header":false,"enable_parallax":false,"image_size":"auto","image":"shopify:\/\/shop_images\/52f7945e-8330-43eb-9be5-187c11769dd0.png","mobile_image":"shopify:\/\/shop_images\/Modelable.png","mobile_text_position":"place-self-center text-center","desktop_text_position":"sm:place-self-center sm:text-center","text_color":"#ffffff","overlay_color":"#000000","overlay_opacity":0}},"multi_column_iHKAYT":{"type":"multi-column","blocks":{"item_aLcVVz":{"type":"item","settings":{"image":"shopify:\/\/shop_images\/453a7f47-b793-42af-b92c-f5810737b3a4.png","column_size":"3","title":"Eric.P","heading_tag":"h4","content":"<p>\"<strong>Facile à utiliser<\/strong>, pas besoin d’aller chez le dentiste, et le résultat est super naturel. Je l’utilise surtout pour les réunions pro ou les sorties. Ça m’a redonné confiance en moi sans dépenser une fortune\"<\/p>","link_url":"","link_text":"","link_style":"link"}},"item_Xmh8ni":{"type":"item","settings":{"image":"shopify:\/\/shop_images\/463f6364-26ae-434b-97e1-0ec49215b2b7.png","column_size":"3","title":"Marc.N ★★★★★","heading_tag":"h4","content":"<p>\"J’ai testé OralGlow par curiosité… et j’ai été vraiment surpris ! Le produit épouse bien mes dents, ne bouge pas, et surtout, donne un <strong>rendu net sans effet plastique<\/strong>. Je n’ai reçu que des retours positifs, même de mes proches qui ne savaient pas que je portais quelque chose.\"<br\/><br\/><\/p>","link_url":"","link_text":"","link_style":"link"}},"item_VrTqDA":{"type":"item","settings":{"image":"shopify:\/\/shop_images\/ea764f29-3faa-45fd-830f-a252f957ca22.png","column_size":"3","title":"Cédric.C","heading_tag":"h4","content":"<p>\"Mon sourire était mon point faible. Je n’avais pas envie de passer par un traitement long. Avec OralGlow, j’ai eu un <strong>résultat immédiat, sans douleur ni prise de tête<\/strong>. Confiance retrouvée !\"<\/p>","link_url":"","link_text":"","link_style":"link"}},"item_idNa8e":{"type":"item","settings":{"image":"shopify:\/\/shop_images\/e3ad5156-6945-44a1-8b9f-7d4dae20de6b.png","column_size":"3","title":"Pierre.H","heading_tag":"h4","content":"<p>\"Je pensais que c’était réservé aux jeunes, mais j’ai voulu essayer car mes dents sont un peu usées. <strong>Le résultat est super.<\/strong> Je me sens beaucoup plus à l’aise dans mes échanges professionnels, et même mes proches ont remarqué un changement dans mon attitude.\"<\/p>","link_url":"","link_text":"","link_style":"link"}},"item_qJYqWB":{"type":"item","settings":{"image":"shopify:\/\/shop_images\/24967119-c762-4a71-82bc-5edf3cec3350.png","column_size":"3","title":"Sandrine.P","heading_tag":"h4","content":"<p>\"J’ai l’œil pour le détail, et j’étais bluffé du résultat avec OralGlow. Non seulement c’est indétectable sur les photos, mais en plus,<strong> c’est confortable pour des heures<\/strong>. Un vrai plus pour l’image\"<\/p>","link_url":"","link_text":"","link_style":"link"}},"item_TXdtJB":{"type":"item","settings":{"image":"shopify:\/\/shop_images\/88bf8157-c404-4f40-a8ca-87b2825303e0.png","column_size":"3","title":"Maria.V","heading_tag":"h4","content":"<p>\"Petite déformation dentaire depuis l’adolescence, et j’en avais assez.. Grâce à OralGlow, j’ai trouvé u<strong>ne solution rapide et esthétique<\/strong>. Mon sourire paraît naturel, aligné, et je me sens beaucoup plus confiante devant une caméra ou en entretien.\"<\/p>","link_url":"","link_text":"","link_style":"link"}},"item_T4Kfqq":{"type":"item","settings":{"image":"shopify:\/\/shop_images\/01f39902-60a1-492c-b583-61182e62332e.png","column_size":"3","title":"Nathalie.A","heading_tag":"h4","content":"<p>\"Un petit accident m’avait cassé une dent de devant. Le dentiste m’a parlé de solutions très coûteuses. En attendant, <strong>OralGlow m’a vraiment sauvée<\/strong>. C’est joli, stable, et en photo ou face à mes clientes, je n’ai plus à justifier mon sourire.\"<\/p>","link_url":"","link_text":"","link_style":"link"}},"item_J9Epkn":{"type":"item","settings":{"image":"shopify:\/\/shop_images\/1d36ffee-e689-401b-baef-b4b41fbfb3f2.png","column_size":"3","title":"Murielle.D","heading_tag":"h4","content":"<p>\"Je n’ai jamais été à l’aise avec les solutions dentaires classiques, souvent invasives ou très chères. <strong>Ce produit est une bénédiction<\/strong> : il se pose facilement, reste en place sans gêne, et me redonne confiance dans mes interactions. Même mes collègues m’ont demandé ce que j’avais changé.\"<\/p>","link_url":"","link_text":"","link_style":"link"}},"item_GMLchn":{"type":"item","settings":{"image":"shopify:\/\/shop_images\/3ea33a26-704b-43a4-960c-009750111710.png","column_size":"3","title":"Fréderic.B","heading_tag":"h4","content":"<p>\"Les dents, c’est la première chose qu’on voit. Depuis que j’utilise ces facettes, mes collègues m’ont fait plusieurs compliments. J’ai l’air plus jeune, plus en forme. Le produit tient bien même après un café ou en parlant toute la journée. <strong>Excellent rapport qualité\/prix.<\/strong>\"<\/p>","link_url":"","link_text":"","link_style":"link"}}},"block_order":["item_aLcVVz","item_Xmh8ni","item_VrTqDA","item_idNa8e","item_qJYqWB","item_TXdtJB","item_T4Kfqq","item_J9Epkn","item_GMLchn"],"settings":{"full_width":true,"stack_on_mobile":false,"gap":"medium","text_alignment":"start","subheading":"","title":"Les résultats de nos clients","content":"","background":"#ffffff","background_gradient":"","text_color":""}},"multi_column_KDdA4f":{"type":"multi-column","blocks":{"item_dTryGm":{"type":"item","settings":{"video":"shopify:\/\/files\/videos\/Design sans titre (9).mp4","column_size":"3","title":"","heading_tag":"h4","content":"","link_url":"","link_text":"","link_style":"link"}},"item_nJXKbC":{"type":"item","settings":{"video":"shopify:\/\/files\/videos\/Design sans titre (10).mp4","column_size":"3","title":"","heading_tag":"h4","content":"","link_url":"","link_text":"","link_style":"link"}}},"block_order":["item_dTryGm","item_nJXKbC"],"settings":{"full_width":true,"stack_on_mobile":false,"gap":"medium","text_alignment":"center","subheading":"","title":"OralGlow en action !","content":"","background":"#ffffff","background_gradient":"","text_color":""}},"featured_product_XzDYhg":{"type":"featured-product","blocks":{"title_nYtEaf":{"type":"title","settings":{"heading_tag":"h2"}},"liquid_hKPtwP":{"type":"liquid","settings":{"liquid":"<title>Trustpilot Stars<\/title>\n<\/head>\n<body>\n    <a target=\"_blank\" rel=\"noopener noreferrer\" style=\"text-decoration: none; display: flex; align-items: center;\">\n        <span style=\"font-size: 15px; font-weight: bold; color: #000;\">4.7<\/span>\n        <img src=\"https:\/\/cdn.shopify.com\/s\/files\/1\/0647\/2148\/6072\/files\/trustpilot_5_stars.svg?v=1721578152\" alt=\"Trustpilot 5 stars\" style=\"margin: 0 8px; width: 80px; height: auto;\">\n        <span style=\"font-size: 15px; color: #555;\">(278 avis)<\/span>\n    <\/a>"}},"badges_JUhNWy":{"type":"badges","settings":{}},"price_wEca8T":{"type":"price","settings":{"show_taxes_notice":false}},"rating_TRWnnt":{"type":"rating","settings":{"show_empty":false}},"description_jp4FWH":{"type":"description","settings":{"collapse_content":false}},"liquid_TaTUq3":{"type":"liquid","settings":{"liquid":"<style>\n  \/* Importation de la police Poppins *\/\n  @import url('https:\/\/fonts.googleapis.com\/css2?family=Poppins:wght@700&display=swap');\n\n  \/* Style pour la bannière *\/\n  #notification-banner {\n    margin: 20px 0;\n    display: flex;\n    justify-content: flex-start;\n  }\n\n  #notification-banner .red-div {\n    background-color: #f5f5f5; \/* Fond gris clair *\/\n    border-radius: 8px;\n    padding: 8px;\n    display: inline-flex;\n    align-items: center;\n    font-family: 'Poppins', Arial, sans-serif;\n    font-weight: bold;\n  }\n\n  \/* Style pour le ripple effect *\/\n  #notification-banner .ripple-circle {\n    margin-right: 8px;\n    height: 7px;\n    width: 7px;\n    display: inline-block;\n    position: relative;\n    border-radius: 50%;\n    background-color: #d0949c;\n  }\n\n  #notification-banner .ripple-circle:before,\n  #notification-banner .ripple-circle:after {\n    content: \"\";\n    display: block;\n    position: absolute;\n    top: 0;\n    left: 0;\n    right: 0;\n    bottom: 0;\n    border: 1px solid #4A90E2;\n    border-radius: 50%;\n    opacity: 1;\n  }\n\n  #notification-banner .ripple-circle:before {\n    animation: ripple 2s linear infinite;\n  }\n\n  #notification-banner .ripple-circle:after {\n    animation: ripple 2s linear 1s infinite;\n  }\n\n  @keyframes ripple {\n    0% {\n      transform: scale(1);\n      opacity: 1;\n    }\n\n    50% {\n      transform: scale(1.5);\n      opacity: 0.5;\n    }\n\n    100% {\n      transform: scale(2);\n      opacity: 0;\n    }\n  }\n\n  \/* Style pour le texte *\/\n  #notification-banner .text {\n    display: inline-block;\n    color: #000000; \/* Texte en noir *\/\n    font-size: 14px;\n  }\n\n  #notification-banner .text .bold {\n    font-weight: bold;\n  }\n<\/style>\n\n<!-- Bannière avec le texte mis à jour -->\n<div id=\"notification-banner\">\n  <div class=\"red-div\">\n    <div class=\"ripple-circle\"><\/div>\n    <div class=\"text\"> Plus qu'une dizaine de pièces en stock !<\/div>\n  <\/div>\n<\/div>"}},"variant_picker_6TPewC":{"type":"variant_picker","settings":{"hide_sold_out_variants":false,"stack_blocks":true,"selector_mode":"block","color_mode":"color","size_chart_page":""}},"kaching_bundles_app_block_XWUQj6":{"type":"shopify:\/\/apps\/kaching-bundles\/blocks\/app-block\/6c637362-a106-4a32-94ac-94dcfd68cdb8","settings":{"product":"{{section.settings.product}}"}},"quantity_selector_Pgctyk":{"type":"quantity_selector","settings":{}},"buy_buttons_TzMF6X":{"type":"buy_buttons","settings":{"show_payment_button":false,"show_gift_card_recipient":true,"atc_button_background":"#1b6baa","atc_button_text_color":"","payment_button_background":"","payment_button_text_color":""}},"pickup_availability_6iXwer":{"type":"pickup_availability","settings":{}},"image_mNW3Gj":{"type":"image","settings":{"image":"shopify:\/\/shop_images\/PROMOTION_2025_8.png","alignment":"center","max_width":500}}},"block_order":["title_nYtEaf","liquid_hKPtwP","badges_JUhNWy","price_wEca8T","rating_TRWnnt","description_jp4FWH","liquid_TaTUq3","variant_picker_6TPewC","kaching_bundles_app_block_XWUQj6","quantity_selector_Pgctyk","buy_buttons_TzMF6X","pickup_availability_6iXwer","image_mNW3Gj"],"settings":{"full_width":true,"product":"prothese","desktop_media_width":55,"desktop_media_layout":"carousel_thumbnails_left","mobile_media_size":"expanded","mobile_carousel_control":"floating_dots","enable_video_autoplay":true,"enable_video_looping":false,"enable_image_zoom":true,"max_image_zoom_level":3,"background":"#ffffff","background_gradient":"","text_color":"","input_background":"rgba(0,0,0,0)","input_text_color":""}},"tabs_LJMnQk":{"type":"tabs","blocks":{"tab_DqWdLd":{"type":"tab","settings":{"title":"Comment utiliser ?","content":"<p>Obtenez un sourire parfait en quelques étapes simples :<br\/><\/p><p>- <strong>Préparation des matériaux<\/strong> : Placez les facettes et le matériau d’obturation dans un bol d’eau chaude (non bouillante) et laissez reposer 1 à 2 minutes, jusqu’à ce qu’ils soient souples et malléables.<br\/><\/p><p>- F<strong>açonnage du matériau d’ajustement<\/strong> : Retirez délicatement le matériau d’obturation ramolli et pressez-le au dos des facettes, en veillant à une répartition uniforme pour une bonne tenue.<br\/><\/p><p>- <strong>Pose des facettes <\/strong>: Positionnez les facettes sur vos dents et pressez-les délicatement pour permettre au matériau d’obturation de se mouler autour de vos dents naturelles.<br\/><strong>Ajustement si nécessaire<\/strong> : Si nécessaire, retirez-les et remodelez-les pour un meilleur ajustement avant qu’elles ne durcissent complètement.<br\/><\/p><p>- <strong>Laissez les facettes en place<\/strong> : Laissez les facettes en place quelques minutes pour permettre au matériau de refroidir et de durcir, créant ainsi une tenue confortable et sûre.<br\/><\/p><p><strong> Profitez de votre nouveau sourire <\/strong>: Une fois fixées, vos facettes sont prêtes à être portées, pour un sourire confiant et naturel ! <\/p><p>💡 Astuce : Si des ajustements sont nécessaires, répétez simplement le processus en réchauffant le matériau de remplissage et en remodelant les facettes pour un meilleur ajustement.<\/p>","page":""}},"tab_xgLWac":{"type":"tab","settings":{"title":"Comment s'ajustent-ils ?","content":"<p>Pour un ajustement parfait, il suffit de plonger les facettes dans de l'eau chaude pendant quelques secondes. Une fois tremper, vous pouvez les disposer sur vos dents et elles prendront la forme de vos dents. Vous obtiendrez ainsi un sourire naturel et sécurisé, adapté à la forme unique de vos dents.<\/p>","page":""}},"tab_tarQEk":{"type":"tab","settings":{"title":"Quand les changer ?","content":"<p>Avec des soins appropriés, les facettes peuvent durer <strong>de 6 à 12 mois ou plus<\/strong>. Nettoyez-les simplement régulièrement et évitez de mâcher des aliments durs en les portant<\/p>","page":""}},"tab_6LLfLV":{"type":"tab","settings":{"title":"Notre garantie sans risque de 60 jours","content":"<p>Nous sommes convaincus que vous adorerez vos facettes Lonryd Smileflex™. Si, pour une raison quelconque, vous n'êtes pas entièrement satisfait de votre achat, nous vous offrons une garantie satisfait ou remboursé de 60 jours. Votre satisfaction est notre priorité absolue et nous nous engageons à vous aider à obtenir le beau sourire que vous méritez en toute sérénité.<\/p>","page":""}},"tab_Pe9RQT":{"type":"tab","settings":{"title":"Livraison gratuite","content":"<p>En raison d'une forte demande, la livraison peut prendre de 5 à 12 jours ouvrables. Nous vous remercions de votre patience et sommes ravis de vous aider à obtenir un sourire éclatant.<\/p>","page":""}}},"block_order":["tab_DqWdLd","tab_xgLWac","tab_tarQEk","tab_6LLfLV","tab_Pe9RQT"],"settings":{"full_width":true,"content_size":"medium","subheading":"","title":"","first_tab_open":false,"background":"#ffffff","background_gradient":"","text_color":"","heading_color":"","heading_gradient":""}},"multi_column_yUdzXT":{"type":"multi-column","blocks":{"item_JxjHdK":{"type":"item","settings":{"image":"shopify:\/\/shop_images\/gempages_532016320011568021-f70b8381-fed2-4eb6-8793-58ef3a4886c4_768x_03d9c18e-f118-434d-9eaa-bfd29e1e4c58.jpg","column_size":"3","title":"Dents tachées","heading_tag":"h4","content":"","link_url":"","link_text":"","link_style":"link"}},"item_qYwKaM":{"type":"item","settings":{"image":"shopify:\/\/shop_images\/gempages_532016320011568021-d2dab360-caad-4502-8b01-9012bc997d68.webp","column_size":"3","title":"Dents manquantes","heading_tag":"h4","content":"","link_url":"","link_text":"","link_style":"link"}},"item_zxmVe9":{"type":"item","settings":{"image":"shopify:\/\/shop_images\/gempages_532016320011568021-e2c115a3-eefa-45e1-91d6-5571a1925234.webp","column_size":"3","title":"Dents usées ou courtes","heading_tag":"h4","content":"","link_url":"","link_text":"","link_style":"link"}},"item_bVjUWN":{"type":"item","settings":{"image":"shopify:\/\/shop_images\/gempages_532016320011568021-6733520a-5bf8-4ea8-80b6-c003376bd268.webp","column_size":"3","title":"Espaces entre les dents","heading_tag":"h4","content":"","link_url":"","link_text":"","link_style":"link"}},"item_K6YCUe":{"type":"item","settings":{"image":"shopify:\/\/shop_images\/gempages_532016320011568021-c09fd917-ff43-4d82-8582-20f454541b5a.webp","column_size":"3","title":"Dents tordues","heading_tag":"h4","content":"","link_url":"","link_text":"","link_style":"link"}}},"block_order":["item_JxjHdK","item_qYwKaM","item_zxmVe9","item_bVjUWN","item_K6YCUe"],"settings":{"full_width":true,"stack_on_mobile":false,"gap":"medium","text_alignment":"center","subheading":"","title":"OralGlow peut aider pour :","content":"","background":"#ffffff","background_gradient":"","text_color":""}},"before_after_image_byBcUd":{"type":"before-after-image","name":"Before\/after image","settings":{"full_width":true,"subheading":"","title":"Avant\/Après","content":"","before_image":"shopify:\/\/shop_images\/gempages_532016320011568021-3a79aca5-498e-4741-806c-df166e125326.jpg","after_image":"shopify:\/\/shop_images\/gempages_532016320011568021-1d2de5c2-169f-4de4-9acf-0e20569085af.jpg","expand_image":false,"text_position":"center","before_after_text_position":"top","before_text":"Avant","after_text":"Après","drag_initial_position":50,"background":"#ffffff","background_gradient":"","text_color":"","before_text_color":"#ffffff","after_text_color":"#ffffff","drag_cursor_background":"#ffffff","drag_cursor_color":"#000000"}},"multi_column_Kphb9q":{"type":"multi-column","blocks":{"item_DbmLtp":{"type":"item","settings":{"video":"shopify:\/\/files\/videos\/Design sans titre (14).mp4","column_size":"3","title":"","heading_tag":"h4","content":"<p><strong>*Les facettes sont à changer tous les 6 mois afin de s'assurer de leur hygiène, de leur maintien optimal et d'un rendu esthétique toujours impeccable<\/strong><\/p>","link_url":"","link_text":"","link_style":"link"}}},"block_order":["item_DbmLtp"],"custom_css":["\/* Centrage du contenu dans la section multi-colonne *\/.multicolumn-list,.multicolumn-card__info {display: flex !important; flex-direction: column !important; align-items: center !important; justify-content: center !important; text-align: center !important; margin-left: auto !important; margin-right: auto !important;}"],"name":"Multi-column","settings":{"full_width":true,"stack_on_mobile":false,"gap":"medium","text_alignment":"start","subheading":"","title":"Comment ça fonctionne ?","content":"<p>(Poser quelques secondes dans de l'eau chaude et disposer les sur vos dents. Elles prendront la forme de celles-ci)<\/p>","background":"#1b6baa","background_gradient":"","text_color":"#ffffff"}},"faq":{"type":"faq","blocks":{"166442457738b23caf-0":{"type":"item","settings":{"title":"Les facettes à clipser sont-elles une bonne alternative aux facettes traditionnelles ?","content":"<p>Oui, les facettes à clipser constituent une bonne alternative aux facettes traditionnelles. Les facettes à clipser OralGlow vous offrent un sourire parfait sans avoir à consulter un dentiste ni à retirer l'émail naturel de vos dents. Elles sont également nettement moins chères : 39.99 € pour un kit complet, contre 500 € par dent pour des facettes en porcelaine.<\/p>"}},"166442457738b23caf-1":{"type":"item","settings":{"title":"Peut-on utiliser OralGlow en cas de dents manquantes ?","content":"<p>Oui, vous pouvez utiliser des facettes OralGlow en cas de dents manquantes. <\/p><p>Contrairement aux facettes traditionnelles, qui ne peuvent être collées que sur les dents existantes, les facettes amovibles se placent sur vos dents comme un protège-dents, ce qui les rend idéales pour masquer plusieurs dents manquantes. Elles constituent également une excellente alternative aux prothèses dentaires partielles. Si vous avez une arcade dentaire complète manquante, une prothèse complète peut être une meilleure solution.<\/p>"}},"166442457738b23caf-2":{"type":"item","settings":{"title":"OralGlow convient-il aux dents mal alignées ?","content":"<p>Oui, les facettes amovibles conviennent aux dents mal alignées. Les facettes amovibles OralGlow peuvent masquer les problèmes d'alignement et les espaces interdentaires et vous offrir un sourire éclatant et droit.<\/p><p> Les facettes amovibles constituent une alternative abordable aux appareils orthodontiques, car elles ne nécessitent pas de consultation chez l'orthodontiste. Cependant, même si elles vous offrent un sourire parfait, n'oubliez pas qu'elles ne font que masquer, sans les corriger, les problèmes orthodontiques et dentaires.<\/p>"}},"item_Q7KXk4":{"type":"item","settings":{"title":"Puis-je manger avec mes facettes OralGlow ?","content":"<p>Oui, vous pouvez manger des aliments mous et boire des boissons tièdes avec vos facettes. Parmi les aliments sans danger avec vos facettes, on trouve :<br\/><br\/>Fruits mous et légumes cuits<br\/><br\/>Riz, pain frais et pâtes<br\/><br\/>Œufs, yaourt, fromage frais et glace<br\/><br\/>N'utilisez pas d'aliments durs, car ils peuvent endommager ou déloger vos facettes et réduire leur durée de vie. Certains aliments et boissons, comme les baies et le vin, peuvent également tacher vos facettes. Les boissons chaudes ou les soupes peuvent les déformer.<\/p>"}},"item_jUBrWJ":{"type":"item","settings":{"title":"De quoi sont composées les facettes OralGlow™ ?","content":"<p>Les facettes OralGlow™ sont fabriquées à partir de matériaux de qualité médicale, sûrs, durables et conçus pour imiter l'apparence naturelle des dents. Ces matériaux garantissent un ajustement confortable et un sourire naturel.<br\/><br\/><\/p>"}},"item_p6QCpB":{"type":"item","settings":{"title":"Les facettes OralGlow™ sont-elles confortables à porter ?","content":"<p>Oui, nos clips sont fabriqués à partir d'un moule flexible qui épouse délicatement la forme de vos dents, assurant une sensation confortable et naturelle.<\/p>"}}},"block_order":["166442457738b23caf-0","166442457738b23caf-1","166442457738b23caf-2","item_Q7KXk4","item_jUBrWJ","item_p6QCpB"],"settings":{"full_width":false,"subheading":"","title":"Questions Fréquentes","content":"","team_avatar_width":160,"support_hours":"Notre support client est disponible du lundi au vendredi : de 8h à 20h30.","answer_time":"Temps de réponse moyen : 24h","button_text":"","button_url":"","text_position":"center","background":"#ffffff","background_gradient":"","text_color":"","heading_color":"","heading_gradient":"","button_background":"","button_text_color":"","accordion_background":"","accordion_text_color":""}},"174397635020154b9d":{"type":"apps","blocks":{"loox_reviews_loox_agg_section_GfBXjz":{"type":"shopify:\/\/apps\/loox-reviews\/blocks\/loox-agg-section\/5c3b337f-fd14-4df5-b1d6-80ec13e6e28e","settings":{"only_photos":false,"hide_thumbnails":false,"product_handle":"prothese","aggregated":true,"data-limit":20,"maxwidth":1080,"is_sample":false}}},"block_order":["loox_reviews_loox_agg_section_GfBXjz"],"settings":{"full_width":true,"remove_vertical_spacing":false,"remove_horizontal_spacing":false,"background":"","background_gradient":"","text_color":"","enable_review_integration":true,"review_header_gradient":"linear-gradient(135deg, rgba(255, 194, 102, 1), rgba(255, 163, 26, 1) 100%)","review_header_text_color":"#000000","review_button_background":"#000000","review_button_text_color":"#ffffff"}}},"order":["slideshow_3rFmPH","rich_text_RTVkWM","logo_list_Hw8GB4","rich_text_L6Eghb","image_with_text_overlay_ydVQxx","multi_column_iHKAYT","multi_column_KDdA4f","featured_product_XzDYhg","tabs_LJMnQk","multi_column_yUdzXT","before_after_image_byBcUd","multi_column_Kphb9q","faq","174397635020154b9d"]}